Gene Name,Protein Name,Max K-mer Matches,Local Alignment Score,Total Score
sp|Q6GZX4|001R_FRG3G Putative transcription factor 001R OS=Frog virus 3 (isolate Goorha) OX=654924 GN=FV3-001R PE=4 SV=1,MAFSAEDVLKEYDRRRRMEALLLSLYYPNDRKLLDYKEWSPPRVQVECPKAPVEWNNPPSEKGLIVGHFSGIKYKGEKAQASEVDVNKMCCWVSKFKDAMRRYQGIQTCKIPGKVLSDLDAKIKAYNLTVEGVEGFVRYSRVTKQHVAAFLKELRHSKQYENVNLIHYILTDKRVDIQHLEKDLVKDFKALVESAHRMRQGHMINVKYILYQLLKKHGHGPDGPDILTVKTGSKGVLYDDSFRKIYTDLGWKFTPL,0,24,24
sp|Q6GZX1|004R_FRG3G Uncharacterized protein 004R OS=Frog virus 3 (isolate Goorha) OX=654924 GN=FV3-004R PE=4 SV=1,MNAKYDTDQGVGRMLFLGTIGLAVVVGGLMAYGYYYDGKTPSSGTSFHTASPSFSSRYRY,0,34,34
sp|Q91G88|006L_IIV6 Putative KilA-N domain-containing protein 006L OS=Invertebrate iridescent virus 6 OX=176652 GN=IIV6-006L PE=3 SV=1,MDSLNEVCYEQIKGTFYKGLFGDFPLIVDKKTGCFNATKLCVLGGKRFVDWNKTLRSKKLIQYYETRCDIKTESLLYEIKGDNNDEITKQITGTYLPKEFILDIASWISVEFYDKCNNIIINYFVNEYKTMDKKTLQSKINEVEEKMQKLLNEKEEELQEKNDKIDELILFSKRMEEDRKKDREMMIKQEKMLRELGIHLEDVSSQNNELIEKVDEQVEQNAVLNFKIDNIQNKLEIAVEDRAPQPKQNLKRERFILLKRNDDYYPYYTIRAQDINARSALKRQKNLYNEVSVLLDLTCHPNSKTLYVRVKDELKQKGVVFNLCKVSISNSKINEEELIKAMETINDEKRDV,1,39,40
sp|Q6GZX3|002L_FRG3G Uncharacterized protein 002L OS=Frog virus 3 (isolate Goorha) OX=654924 GN=FV3-002L PE=4 SV=1,MSIIGATRLQNDKSDTYSAGPCYAGGCSAFTPRGTCGKDWDLGEQTCASGFCTSQPLCARIKKTQVCGLRYSSKGKDPLVSAEWDSRGAPYVRCTYDADLIDTQAQVDQFVSMFGESPSLAERYCMRGVKNTAGELVSRVSSDADPAGGWCRKWYSAHRGPDQDAALGSFCIKNPGAADCKCINRASDPVYQKVKTLHAYPDQCWYVPCAADVGELKMGTQRDTPTNCPTQVCQIVFNMLDDGSVTMDDVKNTINCDFSKYVPPPPPPKPTPPTPPTPPTPPTPPTPPTPPTPRPVHNRKVMFFVAGAVLVAILISTVRW,2,79,81
sp|Q197F8|002R_IIV3 Uncharacterized protein 002R OS=Invertebrate iridescent virus 3 OX=345201 GN=IIV3-002R PE=4 SV=1,MASNTVSAQGGSNRPVRDFSNIQDVAQFLLFDPIWNEQPGSIVPWKMNREQALAERYPELQTSEPSEDYSGPVESLELLPLEIKLDIMQYLSWEQISWCKHPWLWTRWYKDNVVRVSAITFEDFQREYAFPEKIQEIHFTDTRAEEIKAILETTPNVTRLVIRRIDDMNYNTHGDLGLDDLEFLTHLMVEDACGFTDFWAPSLTHLTIKNLDMHPRWFGPVMDGIKSMQSTLKYLYIFETYGVNKPFVQWCTDNIETFYCTNSYRYENVPRPIYVWVLFQEDEWHGYRVEDNKFHRRYMYSTILHKRDTDWVENNPLKTPAQVEMYKFLLRISQLNRDGTGYESDSDPENEHFDDESFSSGEEDSSDEDDPTWAPDSDDSDWETETEEEPSVAARILEKGKLTITNLMKSLGFKPKPKKIQSIDRYFCSLDSNYNSEDEDFEYDSDSEDDDSDSEDDC,1,25,26
sp|Q197F7|003L_IIV3 Uncharacterized protein 003L OS=Invertebrate iridescent virus 3 OX=345201 GN=IIV3-003L PE=4 SV=1,MYQAINPCPQSWYGSPQLEREIVCKMSGAPHYPNYYPVHPNALGGAWFDTSLNARSLTTTPSLTTCTPPSLAACTPPTSLGMVDSPPHINPPRRIGTLCFDFGSAKSPQRCECVASDRPSTTSNTAPDTYRLLITNSKTRKNNYGTCRLEPLTYGI,1,56,57
sp|Q197F5|005L_IIV3 Uncharacterized protein 005L OS=Invertebrate iridescent virus 3 OX=345201 GN=IIV3-005L PE=3 SV=1,MRYTVLIALQGALLLLLLIDDGQGQSPYPYPGMPCNSSRQCGLGTCVHSRCAHCSSDGTLCSPEDPTMVWPCCPESSCQLVVGLPSLVNHYNCLPNQCTDSSQCPGGFGCMTRRSKCELCKADGEACNSPYLDWRKDKECCSGYCHTEARGLEGVCIDPKKIFCTPKNPWQLAPYPPSYHQPTTLRPPTSLYDSWLMSGFLVKSTTAPSTQEEEDDY,1,113,114
sp|Q6GZX0|005R_FRG3G Uncharacterized protein 005R OS=Frog virus 3 (isolate Goorha) OX=654924 GN=FV3-005R PE=4 SV=1,MQNPLPEVMSPEHDKRTTTPMSKEANKFIRELDKKPGDLAVVSDFVKRNTGKRLPIGKRSNLYVRICDLSGTIYMGETFILESWEELYLPEPTKMEVLGTLESCCGIPPFPEWIVMVGEDQCVYAYGDEEILLFAYSVKQLVEEGIQETGISYKYPDDISDVDEEVLQQDEEIQKIRKKTREFVDKDAQEFQDFLNSLDASLLS,1,30,31
sp|Q6GZX2|003R_FRG3G Uncharacterized protein 3R OS=Frog virus 3 (isolate Goorha) OX=654924 GN=FV3-003R PE=3 SV=1,MARPLLGKTSSVRRRLESLSACSIFFFLRKFCQKMASLVFLNSPVYQMSNILLTERRQVDRAMGGSDDDGVMVVALSPSDFKTVLGSALLAVERDMVHVVPKYLQTPGILHDMLVLLTPIFGEALSVDMSGATDVMVQQIATAGFVDVDPLHSSVSWKDNVSCPVALLAVSNAVRTMMGQPCQVTLIIDVGTQNILRDLVNLPVEMSGDLQVMAYTKDPLGKVPAVGVSVFDSGSVQKGDAHSVGAPDGLVSFHTHPVSSAVELNYHAGWPSNVDMSSLLTMKNLMHVVVAEEGLWTMARTLSMQRLTKVLTDAEKDVMRAAAFNLFLPLNELRVMGTKDSNNKSLKTYFEVFETFTIGALMKHSGVTPTAFVDRRWLDNTIYHMGFIPWGRDMRFVVEYDLDGTNPFLNTVPTLMSVKRKAKIQEMFDNMVSRMVTS,1,32,33
sp|Q6GZW9|006R_FRG3G Uncharacterized protein 006R OS=Frog virus 3 (isolate Goorha) OX=654924 GN=FV3-006R PE=4 SV=1,MYKMYFLKDQKFSLSGTIRINDKTQSEYGSVWCPGLSITGLHHDAIDHNMFEEMETEIIEYLGPWVQAEYRRIKG,0,27,27
sp|Q6GZW8|007R_FRG3G Uncharacterized protein 007R OS=Frog virus 3 (isolate Goorha) OX=654924 GN=FV3-007R PE=4 SV=1,MRSIKPLRCCNAHGRHVSQEYGRCTLLLFREKLFLQTGLVCNKQCNAPNNDGAESKHHGIHHGSRGALALRGAGVHLLASAALGPRVLAGLVPTGRSVQGSVGQCGRVAQIGRARDVAARKQESYCEK,1,53,54
